Workbook

Sheet README
A1: Task 3 — Passing / Distribution
A2: Author: Sudip Sunar (S398629)
A4: Analytic question
A5: Did players from the two 2026 FIFA World Cup finalist teams (Spain and Argentina — Spain won the final 1-0 after extra time) achieve a significantly higher pass completion rate (Cmp%) than players from teams that did not reach the final?
A7: Data source
A8: FIFA's official Player Statistics page for the 2026 FIFA World Cup (Distribution → Passes): fifa.com/en/tournaments/mens/worldcup/canadamexicousa2026/statistics/player-statistics?group=gcp_distribution&stat=passes
A9: Originally planned to use FBref's Passing table; FBref sits behind a Cloudflare bot-verification CAPTCHA that was not solved programmatically, so the real per-player figures were pulled from FIFA's own official stats page instead — same tournament, same core statistic (passes attempted + accuracy %).
A11: Method
A12: 1. Data wrangling — drop missing values and duplicate player/squad rows; drop players with fewer than 20 passes attempted (stand-in for a minutes-played filter, since FIFA's table does not expose minutes/90s).
A13: 2. Sampling — split into Finalist (ESP, ARG) vs Non-finalist; simple random sample of up to 30 players per group (seed = 398629, student ID).
A14: 3. Descriptive statistics — mean, median, std dev, min, max Cmp% per group.
A15: 4. 95% CI for the difference in mean Cmp% (Welch-Satterthwaite).
... A19: 'Data (n=450)' holds the full wrangled population. 'Sample (n=60)' holds the exact 30+30 random draw analysed (Finalist rows first, then Non-finalist, so every downstream formula can reference a plain range). 'Descriptive Stats' and 'Inferential Stats' compute everything live with formulas over the Sample sheet — change a Cmp_pct value there and every number recalculates.

Sheet Data (n=450)
A1: Player | B1: Squad | C1: Pos | D1: Att | E1: Cmp_pct | F1: Cmp (derived) | G1: Group
A2: Alexis Mac Allister | B2: ARG | C2: MF | D2: 430 | E2: 91 | F2: =ROUND(D2*E2/100,0) -> 391 | G2: =IF(OR(B2="ESP",B2="ARG"),"Finalist","Non-finalist") -> Finalist
A3: Cristian Romero | B3: ARG | C3: DF | D3: 430 | E3: 97 | F3: =ROUND(D3*E3/100,0) -> 417 | G3: =IF(OR(B3="ESP",B3="ARG"),"Finalist","Non-finalist") -> Finalist
A4: Emiliano Martinez | B4: ARG | C4: GK | D4: 268 | E4: 73 | F4: =ROUND(D4*E4/100,0) -> 196 | G4: =IF(OR(B4="ESP",B4="ARG"),"Finalist","Non-finalist") -> Finalist
A5: Enzo Fernandez | B5: ARG | C5: MF | D5: 519 | E5: 92 | F5: =ROUND(D5*E5/100,0) -> 477 | G5: =IF(OR(B5="ESP",B5="ARG"),"Finalist","Non-finalist") -> Finalist
A6: Exequiel Palacios | B6: ARG | C6: MF | D6: 94 | E6: 95 | F6: =ROUND(D6*E6/100,0) -> 89 | G6: =IF(OR(B6="ESP",B6="ARG"),"Finalist","Non-finalist") -> Finalist
A7: Facundo Medina | B7: ARG | C7: DF | D7: 163 | E7: 92 | F7: =ROUND(D7*E7/100,0) -> 150 | G7: =IF(OR(B7="ESP",B7="ARG"),"Finalist","Non-finalist") -> Finalist
A8: Gonzalo Montiel | B8: ARG | C8: DF | D8: 100 | E8: 81 | F8: =ROUND(D8*E8/100,0) -> 81 | G8: =IF(OR(B8="ESP",B8="ARG"),"Finalist","Non-finalist") -> Finalist
A9: Julian Alvarez | B9: ARG | C9: FW | D9: 215 | E9: 85 | F9: =ROUND(D9*E9/100,0) -> 183 | G9: =IF(OR(B9="ESP",B9="ARG"),"Finalist","Non-finalist") -> Finalist
A10: Leandro Paredes | B10: ARG | C10: MF | D10: 565 | E10: 94 | F10: =ROUND(D10*E10/100,0) -> 531 | G10: =IF(OR(B10="ESP",B10="ARG"),"Finalist","Non-finalist") -> Finalist
A11: Lionel Messi | B11: ARG | C11: FW | D11: 367 | E11: 78 | F11: =ROUND(D11*E11/100,0) -> 286 | G11: =IF(OR(B11="ESP",B11="ARG"),"Finalist","Non-finalist") -> Finalist
A12: Lisandro Martinez | B12: ARG | C12: DF | D12: 450 | E12: 94 | F12: =ROUND(D12*E12/100,0) -> 423 | G12: =IF(OR(B12="ESP",B12="ARG"),"Finalist","Non-finalist") -> Finalist
A13: Nahuel Molina | B13: ARG | C13: DF | D13: 276 | E13: 85 | F13: =ROUND(D13*E13/100,0) -> 235 | G13: =IF(OR(B13="ESP",B13="ARG"),"Finalist","Non-finalist") -> Finalist
... A451: Rustam Ashurmatov | B451: UZB | C451: DF | D451: 123 | E451: 82 | F451: =ROUND(D451*E451/100,0) -> 101 | G451: =IF(OR(B451="ESP",B451="ARG"),"Finalist","Non-finalist") -> Non-finalist
A453: Source: FIFA official 2026 World Cup Player Statistics (Passes/Distribution). n=450 players with Att >= 20 (all players pulled already clear this bar). Cmp is derived as ROUND(Att*Cmp_pct/100,0); Group is derived from Squad.

Sheet Sample (n=60)
A1: Player | B1: Squad | C1: Pos | D1: Att | E1: Cmp_pct | F1: Cmp (derived) | G1: Group
A2: Alexis Mac Allister | B2: ARG | C2: MF | D2: 430 | E2: 91 | F2: =ROUND(D2*E2/100,0) -> 391 | G2: =IF(OR(B2="ESP",B2="ARG"),"Finalist","Non-finalist") -> Finalist
A3: Emiliano Martinez | B3: ARG | C3: GK | D3: 268 | E3: 73 | F3: =ROUND(D3*E3/100,0) -> 196 | G3: =IF(OR(B3="ESP",B3="ARG"),"Finalist","Non-finalist") -> Finalist
A4: Enzo Fernandez | B4: ARG | C4: MF | D4: 519 | E4: 92 | F4: =ROUND(D4*E4/100,0) -> 477 | G4: =IF(OR(B4="ESP",B4="ARG"),"Finalist","Non-finalist") -> Finalist
A5: Exequiel Palacios | B5: ARG | C5: MF | D5: 94 | E5: 95 | F5: =ROUND(D5*E5/100,0) -> 89 | G5: =IF(OR(B5="ESP",B5="ARG"),"Finalist","Non-finalist") -> Finalist
A6: Facundo Medina | B6: ARG | C6: DF | D6: 163 | E6: 92 | F6: =ROUND(D6*E6/100,0) -> 150 | G6: =IF(OR(B6="ESP",B6="ARG"),"Finalist","Non-finalist") -> Finalist
A7: Gonzalo Montiel | B7: ARG | C7: DF | D7: 100 | E7: 81 | F7: =ROUND(D7*E7/100,0) -> 81 | G7: =IF(OR(B7="ESP",B7="ARG"),"Finalist","Non-finalist") -> Finalist
A8: Julian Alvarez | B8: ARG | C8: FW | D8: 215 | E8: 85 | F8: =ROUND(D8*E8/100,0) -> 183 | G8: =IF(OR(B8="ESP",B8="ARG"),"Finalist","Non-finalist") -> Finalist
A9: Leandro Paredes | B9: ARG | C9: MF | D9: 565 | E9: 94 | F9: =ROUND(D9*E9/100,0) -> 531 | G9: =IF(OR(B9="ESP",B9="ARG"),"Finalist","Non-finalist") -> Finalist
A10: Lionel Messi | B10: ARG | C10: FW | D10: 367 | E10: 78 | F10: =ROUND(D10*E10/100,0) -> 286 | G10: =IF(OR(B10="ESP",B10="ARG"),"Finalist","Non-finalist") -> Finalist
A11: Lisandro Martinez | B11: ARG | C11: DF | D11: 450 | E11: 94 | F11: =ROUND(D11*E11/100,0) -> 423 | G11: =IF(OR(B11="ESP",B11="ARG"),"Finalist","Non-finalist") -> Finalist
A12: Nahuel Molina | B12: ARG | C12: DF | D12: 276 | E12: 85 | F12: =ROUND(D12*E12/100,0) -> 235 | G12: =IF(OR(B12="ESP",B12="ARG"),"Finalist","Non-finalist") -> Finalist
A13: Nico Gonzalez | B13: ARG | C13: MF | D13: 109 | E13: 83 | F13: =ROUND(D13*E13/100,0) -> 90 | G13: =IF(OR(B13="ESP",B13="ARG"),"Finalist","Non-finalist") -> Finalist
... A61: Otabek Shukurov | B61: UZB | C61: MF | D61: 117 | E61: 88 | F61: =ROUND(D61*E61/100,0) -> 103 | G61: =IF(OR(B61="ESP",B61="ARG"),"Finalist","Non-finalist") -> Non-finalist
A63: Simple random sample drawn in Python (pandas .sample, random_state=398629, the student ID, for reproducibility) from the wrangled population on the 'Data (n=450)' sheet. Rows 2-31 = Finalist sample (n=30); rows 32-61 = Non-finalist sample (n=30).

Sheet Descriptive Stats
A1: Descriptive statistics — Cmp% (pass completion %)
A2: All formulas reference the 'Sample (n=60)' sheet directly.
A4: Group | B4: n | C4: Mean | D4: Median | E4: Std Dev (sample) | F4: Min | G4: Max
A5: Finalist (Spain + Argentina) | B5: =COUNT('Sample (n=60)'!$E$2:$E$31) -> 30 | C5: =AVERAGE('Sample (n=60)'!$E$2:$E$31) -> 87.933333 | D5: =MEDIAN('Sample (n=60)'!$E$2:$E$31) -> 90 | E5: =STDEV('Sample (n=60)'!$E$2:$E$31) -> 6.3784839 | F5: =MIN('Sample (n=60)'!$E$2:$E$31) -> 73 | G5: =MAX('Sample (n=60)'!$E$2:$E$31) -> 97
A6: Non-finalist | B6: =COUNT('Sample (n=60)'!$E$32:$E$61) -> 30 | C6: =AVERAGE('Sample (n=60)'!$E$32:$E$61) -> 86.866667 | D6: =MEDIAN('Sample (n=60)'!$E$32:$E$61) -> 87 | E6: =STDEV('Sample (n=60)'!$E$32:$E$61) -> 5.6795661 | F6: =MIN('Sample (n=60)'!$E$32:$E$61) -> 73 | G6: =MAX('Sample (n=60)'!$E$32:$E$61) -> 97

Sheet Inferential Stats
A1: Inferential statistics — Finalist vs Non-finalist Cmp%
A2: 95% CI for the difference in means (Welch-Satterthwaite) and Welch's two-sample t-test.
A4: n (Finalist) | B4: ='Descriptive Stats'!B5 -> 30
A5: n (Non-finalist) | B5: ='Descriptive Stats'!B6 -> 30
A6: Mean (Finalist) | B6: ='Descriptive Stats'!C5 -> 87.933333
A7: Mean (Non-finalist) | B7: ='Descriptive Stats'!C6 -> 86.866667
A8: Variance (Finalist), sample | B8: =VAR('Sample (n=60)'!$E$2:$E$31) -> 40.685057
A9: Variance (Non-finalist), sample | B9: =VAR('Sample (n=60)'!$E$32:$E$61) -> 32.257471
A11: Mean difference (Finalist − Non-finalist) | B11: =B6-B7 -> 1.0666667
A12: Standard error of difference | B12: =SQRT(B8/B4+B9/B5) -> 1.5593004
A13: Welch-Satterthwaite df | B13: =((B8/B4+B9/B5)^2)/(((B8/B4)^2)/(B4-1)+((B9/B5)^2)/(B5-1)) -> 57.235964
A14: t critical (two-tailed, alpha=0.05) | B14: =TINV(0.05,B13) -> 2.0024655
A15: Margin of error | B15: =B14*B12 -> 3.1224451
A16: 95% CI lower bound | B16: =B11-B15 -> -2.0557785
A17: 95% CI upper bound | B17: =B11+B15 -> 4.1891118
A18: t-statistic | B18: =B11/B12 -> 0.68406748
A19: p-value (Welch's two-sample t-test, two-tailed) | B19: =TTEST('Sample (n=60)'!$E$2:$E$31,'Sample (n=60)'!$E$32:$E$61,2,3) -> 0.49669299
A20: alpha | B20: =0.05 -> 0.05
A22: Decision at alpha = 0.05 | B22: =IF(B19<B20,"Reject H0 - significant difference","Fail to reject H0 - not statistically significant") -> Fail to reject H0 - not statistically significant
A24: H0: mean Cmp%(Finalist) = mean Cmp%(Non-finalist) | H1: mean Cmp%(Finalist) != mean Cmp%(Non-finalist)

Sheet Answer Chart
A1: Reference chart (static image, generated in Python/matplotlib)
